City_ID,City,Lat,Lng,Max Temp,Humidity,Cloudiness,Wind Speed,Country,Date
0,papatowai,-46.5619,169.4708,6.2,80,100,3.57,NZ,1691263521
1,trinidad,-14.8333,-64.9,34.99,43,20,3.09,BO,1691263521
2,waitangi,-43.9535,-176.5597,9.03,59,100,14.91,NZ,1691263521
3,grytviken,-54.2811,-36.5092,-5.25,83,100,5.3,GS,1691263521
4,isna,25.2934,32.554,34.01,11,50,4.88,EG,1691263522
5,edinburgh of the seven seas,-37.0676,-12.3116,13.45,80,8,16.55,SH,1691263308
6,utrik,11.2278,169.8474,27.92,68,96,7.57,MH,1691263416
7,blackmans bay,-43.0167,147.3167,8.62,86,93,2.79,AU,1691263244
8,hamilton,39.1834,-84.5333,29.56,63,20,4.63,US,1691263483
9,atafu village,-8.5421,-172.5159,27.96,77,20,5.45,TK,1691263309
10,la ronge,55.1001,-105.2842,24.12,46,40,7.72,CA,1691263356
11,margaret river,-33.95,115.0667,8.62,80,100,1.47,AU,1691263522
12,tiksi,71.6872,128.8694,1.71,83,97,3.47,RU,1691263523
13,patos,-7.0244,-37.28,34.31,24,3,4.46,BR,1691263523
14,jiuquan,39.7432,98.5174,24.4,32,6,0.67,CN,1691263523
15,adamstown,-25.066,-130.1015,19.13,63,9,6.32,PN,1691263523
16,albany,42.6001,-73.9662,26.43,57,100,0.45,US,1691263523
17,palora,-1.7,-77.9333,23.06,62,64,0.56,EC,1691263523
18,thompson,55.7435,-97.8558,21.09,68,75,3.09,CA,1691263523
19,qaqortoq,60.7167,-46.0333,9.55,73,4,0.8,GL,1691263232
20,as sulayyil,20.4607,45.5779,37.14,10,100,2.07,SA,1691263524
21,chonchi,-42.6128,-73.8092,11.18,75,100,1.53,CL,1691263455
22,porto novo,6.4965,2.6036,25.9,86,27,3.94,BJ,1691263256
23,ondjiva,-17.0667,15.7333,20.02,24,0,3.09,AO,1691263524
24,port-aux-francais,-49.35,70.2167,2.42,72,97,13.98,TF,1691263306
25,ola,59.5833,151.2833,11.28,65,10,3.67,RU,1691263524
26,along,28.1667,94.7667,23.74,99,100,0.15,IN,1691263524
27,coyhaique,-45.5752,-72.0662,7.97,49,75,4.63,CL,1691263294
28,whitehorse,60.7161,-135.0538,21.43,42,40,4.12,CA,1691263262
29,invercargill,-46.4,168.35,6.68,86,100,2.24,NZ,1691263355
30,kununurra,-15.7667,128.7333,24.99,36,100,3.09,AU,1691263427
31,ushuaia,-54.8,-68.3,2.81,87,100,2.06,AR,1691263501
32,livingstone,-17.8419,25.8543,15.48,44,0,1.93,ZM,1691263525
33,lethem,3.3803,-59.7968,31.65,58,86,0.9,GY,1691263525
34,happy valley-goose bay,53.3168,-60.3315,23.17,49,75,4.12,CA,1691263525
35,sisimiut,66.9395,-53.6735,7.86,73,16,3.47,GL,1691263525
36,yellowknife,62.456,-114.3525,20.31,42,75,3.6,CA,1691263233
37,stanley,54.868,-1.6985,12.38,83,20,3.6,GB,1691263474
38,nikolayevsk-on-amure,53.1406,140.73,12.0,73,98,0.93,RU,1691263526
39,iwanai,42.9744,140.5089,22.73,99,100,0.98,JP,1691263526
40,chui,-33.6971,-53.4616,15.09,51,0,3.3,UY,1691263526
41,college,64.8569,-147.8028,22.82,59,40,0.0,US,1691263526
42,georgetown,5.4112,100.3354,26.96,95,20,1.54,MY,1691263526
43,puerto natales,-51.7236,-72.4875,5.39,86,100,10.16,CL,1691263310
44,arkhipo-osipovka,44.37,38.52,27.98,57,0,5.51,RU,1691263527
45,las heras,-46.5419,-68.9359,9.41,43,0,7.96,AR,1691263527
46,el nido,11.1858,119.3956,27.2,81,6,4.28,PH,1691263527
47,bredasdorp,-34.5322,20.0403,9.86,92,100,1.53,ZA,1691263407
48,longyearbyen,78.2186,15.6401,9.91,93,75,4.63,SJ,1691263527
49,nova vicosa,-17.8919,-39.3719,24.78,57,6,4.43,BR,1691263527
50,saint-julien-les-villas,48.2667,4.1,16.98,77,0,7.72,FR,1691263527
51,pleasanton,37.6624,-121.8747,33.52,45,0,2.24,US,1691263528
52,ilulissat,69.2167,-51.1,10.01,57,20,2.06,GL,1691263285
53,tromso,69.6496,18.957,12.01,76,75,4.12,NO,1691263528
54,iqaluit,63.7506,-68.5145,12.85,76,20,2.24,CA,1691263528
55,altai,46.3722,96.2583,14.97,43,47,1.11,MN,1691263528
56,ribeira grande,38.5167,-28.7,23.76,78,75,3.09,PT,1691263528
57,kenai,60.5544,-151.2583,17.05,66,100,1.54,US,1691263528
58,bethel,41.3712,-73.414,29.01,59,0,3.6,US,1691263529
59,olonkinbyen,70.9221,-8.7187,3.92,92,100,10.05,SJ,1691263529
60,timimoun,29.2639,0.231,43.21,10,0,4.12,DZ,1691263529
61,wailua homesteads,22.0669,-159.378,27.44,78,20,5.66,US,1691263395
62,sur,22.5667,59.5289,30.43,62,100,5.62,OM,1691263529
63,vorkuta,67.5,64.0,18.24,54,0,2.11,RU,1691263529
64,saint joseph,39.7686,-94.8466,29.68,74,0,3.09,US,1691263530
65,tura,25.5198,90.2201,24.04,98,100,1.76,IN,1691263530
66,rantauprapat,2.1,99.8333,23.21,98,97,1.15,ID,1691263530
67,patterson,37.4716,-121.1297,33.34,21,0,2.88,US,1691263530
68,dudinka,69.4058,86.1778,13.68,61,1,2.49,RU,1691263313
69,flying fish cove,-10.4217,105.6791,24.82,88,100,6.17,CX,1691263530
70,northam,51.0333,-4.2167,15.77,80,0,10.21,GB,1691263530
71,avarua,-21.2078,-159.775,22.03,78,100,2.57,CK,1691263530
72,karratha,-20.7377,116.8463,23.12,42,0,3.78,AU,1691263483
73,susuman,62.7833,148.1667,8.07,70,23,1.21,RU,1691263531
74,portland,45.5234,-122.6762,25.85,70,75,2.24,US,1691263269
75,lompoc,34.6391,-120.4579,28.8,94,100,7.2,US,1691263479
76,la passe,45.5549,-0.8967,18.13,73,5,8.82,FR,1691263531
77,ribeira brava,32.65,-17.0667,25.4,76,0,0.25,PT,1691263531
78,aripuana,-9.1667,-60.6333,37.94,21,5,0.95,BR,1691263244
79,constantia,44.1833,28.65,23.38,84,0,4.44,RO,1691263257
80,nairn,57.5809,-3.8797,14.53,77,40,1.54,GB,1691263532
81,udachny,66.4167,112.4,10.25,70,98,4.69,RU,1691263532
82,howard springs,-12.497,131.047,22.95,45,5,2.83,AU,1691263532
83,galliano,29.4422,-90.2992,38.33,49,40,3.09,US,1691263532
84,konarka,19.9,86.1167,27.22,78,96,4.94,IN,1691263532
85,lyubinskiy,55.1542,72.6925,18.82,94,64,2.71,RU,1691263532
86,twon-brass,4.3151,6.2418,25.72,83,56,6.96,NG,1691263532
87,katsuura,35.1333,140.3,26.15,88,2,4.21,JP,1691263533
88,hawaiian paradise park,19.5933,-154.9731,25.5,91,100,2.06,US,1691263533
89,mishan,45.55,131.8833,15.59,98,99,2.43,CN,1691263264
90,lihue,21.9789,-159.3672,27.77,71,20,5.66,US,1691263533
91,coquimbo,-29.9533,-71.3436,14.85,88,100,4.63,CL,1691263298
92,nabire,-3.3667,135.4833,23.17,92,100,2.66,ID,1691263533
93,igarka,67.4667,86.5833,14.7,62,0,2.28,RU,1691263353
94,cabo san lucas,22.8909,-109.9124,35.34,66,40,6.17,MX,1691263270
95,gebeit,21.0667,36.3167,31.34,41,100,4.54,SD,1691263534
96,puerto maldonado,-12.6,-69.1833,35.22,43,20,2.57,PE,1691263534
97,petrolina,-9.3986,-40.5008,31.03,29,0,4.63,BR,1691263396
98,semirom,31.4167,51.5667,20.33,21,2,1.71,IR,1691263534
99,kodiak,57.79,-152.4072,11.73,94,100,3.09,US,1691263306
100,nar'yan-mar,67.6713,53.087,19.82,81,19,2.92,RU,1691263446
101,uturoa,-16.7333,-151.4333,25.78,73,5,3.54,PF,1691263534
102,nizhneudinsk,54.9076,99.0276,12.29,88,100,0.56,RU,1691263534
103,kapuskasing,49.4169,-82.4331,23.05,40,40,3.09,CA,1691263404
104,puerto baquerizo moreno,-0.9,-89.6,26.55,78,75,6.17,EC,1691263349
105,vilhena,-12.7406,-60.1458,34.12,29,40,2.06,BR,1691263535
106,anadyr,64.75,177.4833,11.28,87,75,9.0,RU,1691263535
107,talnakh,69.4865,88.3972,13.45,52,0,0.36,RU,1691263361
108,aasiaat,68.7098,-52.8699,1.87,93,86,2.63,GL,1691263275
109,fortuna,40.5982,-124.1573,21.07,80,0,6.17,US,1691263331
110,mitu,1.1983,-70.1733,32.18,50,56,1.59,CO,1691263535
111,babruysk,53.15,29.2333,22.91,67,0,3.53,BY,1691263536
112,cuero,29.0939,-97.2892,38.34,38,6,3.13,US,1691263368
113,bilibino,68.0546,166.4372,4.17,96,100,2.66,RU,1691263536
114,petropavlovsk-kamchatsky,53.0452,158.6483,12.33,100,75,3.0,RU,1691263354
115,yamada,39.4667,141.95,24.12,86,30,1.81,JP,1691263536
116,colonia,50.9333,6.95,17.36,86,0,2.57,DE,1691263456
117,forrest city,35.0081,-90.7898,38.33,37,4,3.84,US,1691263536
118,kimbe,-5.5502,150.1429,24.0,79,98,3.53,PG,1691263536
119,griffith,41.5284,-87.4237,22.19,91,100,4.63,US,1691263359
120,roxas,11.5853,122.7511,25.08,81,13,2.24,PH,1691263537
121,ban tak,17.0432,99.0813,24.55,90,100,2.53,TH,1691263537
122,bikenibeu village,1.3673,173.1241,27.98,83,75,1.03,KI,1691263537
123,san antonio de pale,-1.4014,5.6325,22.8,76,44,4.7,GQ,1691263537
124,karachayevsk,43.774,41.9142,18.63,87,0,2.38,RU,1691263537
125,yelizovo,53.1873,158.3805,13.08,100,75,3.13,RU,1691263537
126,punta arenas,-53.15,-70.9167,4.83,91,100,13.05,CL,1691263283
127,pariaman,-0.619,100.12,24.03,89,59,1.47,ID,1691263538
128,carbonear,47.7332,-53.2148,21.19,76,32,4.54,CA,1691263538
129,iskateley,67.6803,53.1512,19.77,81,17,2.91,RU,1691263538
130,waitara,-38.925,174.25,6.67,80,10,2.19,NZ,1691263538
131,west island,-12.1568,96.8225,24.99,88,75,7.72,CC,1691263538
132,mount gambier,-37.8333,140.7667,6.98,89,90,0.9,AU,1691263430
133,petrove,48.3247,33.2562,27.07,41,0,4.38,UA,1691263538
134,quellon,-43.1167,-73.6167,9.14,76,75,3.09,CL,1691263282
135,trairi,-3.2778,-39.2689,28.56,61,68,6.66,BR,1691263480
136,concepcion,-36.827,-73.0498,12.89,88,75,5.66,CL,1691263291
137,antonio enes,-16.2325,39.9086,22.63,83,10,3.93,MZ,1691263539
138,caleta de carquin,-11.0925,-77.6267,21.08,68,71,4.46,PE,1691263539
139,zheleznogorsk-ilimskiy,56.5768,104.1217,6.89,93,0,1.68,RU,1691263539
140,tangalle,6.024,80.7911,26.5,83,100,5.4,LK,1691263367
141,port lincoln,-34.7333,135.8667,11.59,63,100,3.31,AU,1691263318
142,puerto ayora,-0.7393,-90.3518,28.98,90,36,5.81,EC,1691263441
143,st. john's,47.5649,-52.7093,20.93,73,75,6.17,CA,1691263540
144,marsabit,2.3284,37.9899,20.95,51,14,10.42,KE,1691263540
145,thinadhoo,0.5333,72.9333,27.82,77,100,4.46,MV,1691263279
146,saipan,15.1355,145.701,27.58,100,0,0.45,MP,1691263540
147,khandyga,62.6667,135.6,13.98,71,100,0.59,RU,1691263496
148,padang,-0.9492,100.3543,24.03,89,20,1.87,ID,1691263540
149,toccoa,34.5773,-83.3324,32.93,55,0,2.06,US,1691263540
150,palmer,42.1584,-72.3287,29.58,49,75,2.06,US,1691263331
151,wangqing,43.3218,129.7634,18.69,99,100,1.18,CN,1691263541
152,berdigestyakh,62.0989,126.6992,14.66,55,100,0.87,RU,1691263541
153,lebu,-37.6167,-73.65,12.96,70,0,2.01,CL,1691263541
154,kristiansund,63.1115,7.732,14.03,67,75,2.57,NO,1691263541
155,tumayr,25.7039,45.868,33.97,11,34,4.27,SA,1691263541
156,dryden,49.7833,-92.7503,27.16,47,40,4.63,CA,1691263347
157,hirara,24.8,125.2833,28.15,89,100,9.26,JP,1691263337
158,moshi,-3.35,37.3333,20.72,73,83,1.96,TZ,1691263541
159,revelstoke,50.9832,-118.2023,27.01,44,0,3.09,CA,1691263509
160,guiuan,11.0333,125.7247,28.72,74,5,4.71,PH,1691263543
161,ust-nera,64.5667,143.2,12.99,68,100,2.26,RU,1691263391
162,kashgar,39.4547,75.9797,28.56,28,40,3.0,CN,1691263463
163,vila franca do campo,37.7167,-25.4333,23.23,71,100,2.82,PT,1691263361
164,cockburn town,21.4612,-71.1419,30.98,66,40,6.17,TC,1691263449
165,queenstown,-31.8976,26.8753,13.93,33,0,2.72,ZA,1691263543
166,saint-philippe,-21.3585,55.7679,21.77,81,87,7.75,RE,1691263543
167,afaahiti,-17.75,-149.2833,25.93,76,18,1.24,PF,1691263395
168,ankang,32.68,109.0172,23.6,92,100,0.67,CN,1691263366
169,lamu,-2.2717,40.902,25.12,82,100,7.22,KE,1691263544
170,at taj,24.2049,23.2857,35.15,13,0,5.95,LY,1691263544
171,jamestown,42.097,-79.2353,25.01,65,100,2.57,US,1691263436
172,uzgen,40.7699,73.3007,26.16,28,35,2.48,KG,1691263544
173,katsuren-haebaru,26.3369,127.8719,27.43,96,100,20.06,JP,1691263544
174,tsiombe,-25.3,45.4833,19.35,62,0,6.69,MG,1691263355
175,margate,51.3813,1.3862,16.61,90,47,2.68,GB,1691263544
176,hermanus,-34.4187,19.2345,9.89,89,100,1.91,ZA,1691263544
177,damghan,36.1683,54.348,29.43,39,8,1.64,IR,1691263545
178,djamaa,33.5339,5.9931,31.76,18,0,1.14,DZ,1691263545
179,mudurnu,40.473,31.2076,25.04,53,0,1.95,TR,1691263545
180,kidal,18.4411,1.4078,30.6,47,100,5.15,ML,1691263545
181,balimila,18.25,82.1333,23.5,90,93,0.97,IN,1691263545
182,tulun,54.5611,100.5792,12.86,67,81,1.66,RU,1691263545
183,hammerfest,70.6634,23.6821,11.25,76,100,7.72,NO,1691263406
184,klyuchi,52.2667,79.1667,19.4,68,89,1.81,RU,1691263545
185,ciudad lazaro cardenas,17.9583,-102.2,31.43,58,94,0.68,MX,1691263546
186,zelenogorsk,56.1147,94.5861,9.53,79,32,1.06,RU,1691263546
187,cole harbour,44.6724,-63.4751,21.66,91,92,5.66,CA,1691263546
188,keflavik,64.0049,-22.5624,12.95,100,100,5.66,IS,1691263521
189,gaalkacyo,6.7697,47.4308,27.84,51,13,12.35,SO,1691263546
190,thunder bay,48.4001,-89.3168,24.95,36,40,4.12,CA,1691263247
191,berbera,10.4396,45.0143,34.58,39,36,7.73,SO,1691263547
192,reggane,26.7158,0.1714,43.67,6,0,4.71,DZ,1691263264
193,ta`u,-14.2336,-169.5144,26.89,78,99,5.2,AS,1691263547
194,vilyuchinsk,52.9306,158.4028,13.15,87,0,3.61,RU,1691263547
195,popondetta,-8.7537,148.2534,18.96,94,100,1.45,PG,1691263547
196,al balyana,26.2357,32.0035,36.12,12,2,4.76,EG,1691263547
197,deming,32.2687,-107.7586,38.94,13,0,0.0,US,1691263547
198,zarghun shahr,32.8473,68.4457,26.11,13,0,7.26,AF,1691263547
199,tolanaro,-25.0319,46.9987,20.04,73,20,6.17,MG,1691263548
200,sorong,-0.8833,131.25,24.78,88,100,5.46,ID,1691263548
201,ketchikan,55.3422,-131.6461,21.26,60,75,2.57,US,1691263534
202,cidade velha,14.9167,-23.6167,29.26,61,0,6.17,CV,1691263548
203,banda aceh,5.5577,95.3222,26.72,83,90,2.63,ID,1691263548
204,sitka,57.0531,-135.33,20.94,64,40,1.54,US,1691263306
205,mormugao,15.4,73.8,26.17,83,76,5.16,IN,1691263548
206,dunedin,-45.8742,170.5036,7.11,80,11,2.68,NZ,1691263548
207,kruisfontein,-34.0033,24.7314,19.94,38,8,3.18,ZA,1691263372
208,port alfred,-33.5906,26.891,20.44,50,1,3.6,ZA,1691263317
209,isafjordur,66.0755,-23.124,12.46,63,88,1.26,IS,1691263311
210,yanam,16.7333,82.2167,27.09,82,5,2.06,IN,1691263549
211,naracoorte,-36.9579,140.7383,5.01,88,31,1.18,AU,1691263549
212,tual,-5.6667,132.75,25.64,77,73,9.4,ID,1691263549
213,retreat,38.8245,-85.8533,30.55,54,94,0.89,US,1691263549
214,peniche,39.3558,-9.3811,27.27,66,0,7.78,PT,1691263549
215,alofi,-19.0595,-169.9187,22.94,94,100,1.03,NU,1691263302
216,karachi,24.9056,67.0822,28.9,74,75,7.2,PK,1691263521
217,heze,35.2431,115.4411,24.87,96,100,1.92,CN,1691263550
218,new norfolk,-42.7826,147.0587,9.28,86,100,1.32,AU,1691263335
219,klaksvik,62.2266,-6.589,11.51,76,99,0.75,FO,1691263550
220,boyolangu,-8.1181,111.8935,23.29,83,91,1.06,ID,1691263550
221,vila velha,-20.3297,-40.2925,25.97,78,0,5.66,BR,1691263385
222,kasongo-lunda,-6.4667,16.8167,24.83,24,0,1.51,CD,1691263550
223,tshikapa,-6.4167,20.8,26.27,29,0,1.37,CD,1691263550
224,badger,64.8,-147.5333,22.77,59,100,0.0,US,1691263483
225,port mathurin,-19.6833,63.4167,22.87,74,56,11.72,MU,1691263401
226,misratah,32.3754,15.0925,26.95,59,0,9.02,LY,1691263551
227,kingston,17.997,-76.7936,33.47,65,15,0.89,JM,1691263284
228,arkhangel'sk,64.5401,40.5433,15.99,97,5,2.38,RU,1691263551
229,new plymouth,-39.0667,174.0833,6.29,71,74,1.48,NZ,1691263551
230,tazovsky,67.4667,78.7,14.21,57,6,2.6,RU,1691263275
231,carnarvon,-24.8667,113.6333,18.73,80,2,3.46,AU,1691263305
232,vadso,70.0744,29.7487,13.09,82,100,2.57,NO,1691263499
233,robertsport,6.7533,-11.3686,25.93,85,46,6.83,LR,1691263551
234,carnot,4.9409,15.8665,22.67,92,100,1.31,CF,1691263552
235,mejit,10.2753,170.8646,27.72,76,100,6.64,MH,1691263275
236,bel ombre,-4.6167,55.4167,25.91,83,40,5.66,SC,1691263552
237,villa gesell,-37.2639,-56.973,12.81,58,100,4.68,AR,1691263552
238,slyudyanka,51.6594,103.7061,15.88,95,100,1.36,RU,1691263552
239,gadzhiyevo,69.2551,33.3362,10.79,95,100,6.12,RU,1691263328
240,nelson bay,-32.7167,152.15,15.56,94,99,7.15,AU,1691263552
241,keetmanshoop,-26.5833,18.1333,19.51,20,4,4.12,NA,1691263552
242,enewetak,11.3474,162.3373,28.43,75,100,6.14,MH,1691263553
243,howrah,22.5892,88.3103,29.0,84,75,3.6,IN,1691263553
244,chengde,40.9725,117.9361,18.98,71,51,0.29,CN,1691263553
245,hopelchen,19.7667,-89.85,39.18,24,14,2.13,MX,1691263553
246,punta del este,-34.9667,-54.95,19.06,85,0,5.81,UY,1691263290
247,cururupu,-1.8283,-44.8683,29.89,61,76,3.19,BR,1691263553
248,karpenisi,38.9167,21.7833,17.23,92,27,2.66,GR,1691263553
249,aykhal,66.0,111.5,10.4,66,24,7.12,RU,1691263554
250,tavda,58.0425,65.2726,17.54,94,12,1.16,RU,1691263554
251,colby,39.3958,-101.0524,30.46,55,0,3.6,US,1691263364
252,sault ste. marie,46.5168,-84.3333,24.9,41,0,2.06,CA,1691263529
253,thames,-37.1333,175.5333,6.38,94,9,1.43,NZ,1691263554
254,newman,37.3138,-121.0208,33.36,19,0,2.14,US,1691263545
255,belmonte,-15.8631,-38.8828,24.85,58,0,3.12,BR,1691263554
256,grand gaube,-20.0064,57.6608,22.43,69,1,4.47,MU,1691263554
257,upata,8.0086,-62.3989,31.22,56,100,2.25,VE,1691263555
258,weno,7.4515,151.8468,24.97,94,100,2.06,FM,1691263307
259,mata-utu,-13.2816,-176.1745,27.8,74,100,5.16,WF,1691263555
260,horta,38.5333,-28.6333,23.34,79,75,3.09,PT,1691263555
261,cerano,20.1167,-101.3833,24.87,45,82,0.88,MX,1691263555
262,cam pha mines,21.0167,107.3,25.58,89,99,4.24,VN,1691263555
263,grand island,40.925,-98.342,29.97,51,0,2.57,US,1691263328
264,argo,37.6333,22.7333,32.1,50,0,2.47,GR,1691263555
265,mount pearl,47.5166,-52.7813,20.47,72,75,6.17,CA,1691263556
266,east london,-33.0153,27.9116,20.27,44,0,4.08,ZA,1691263556
267,crescent city,41.756,-124.2018,22.08,85,100,3.09,US,1691263556
268,sinabang,2.4803,96.3801,26.88,85,100,1.88,ID,1691263556
269,kerben,40.2951,72.1863,26.28,24,45,3.03,KG,1691263556
270,lata,40.1629,-8.3327,23.37,37,0,1.92,PT,1691263556
271,kailua-kona,19.6406,-155.9956,27.5,74,40,3.6,US,1691263504
272,al hawatah,13.4167,34.6333,24.94,75,100,6.07,SD,1691263556
273,ardestan,33.3761,52.3694,30.59,14,0,3.33,IR,1691263557
274,pacific grove,36.6177,-121.9166,25.36,86,20,4.02,US,1691263557
275,kroya,-7.6331,109.2461,24.07,87,100,1.81,ID,1691263557
276,babayevo,59.3936,35.9371,17.67,72,100,1.33,RU,1691263557
277,dehloran,32.6941,47.2679,37.53,13,0,4.28,IR,1691263557
278,novaya igirma,57.1334,103.9112,6.87,93,0,1.01,RU,1691263557
279,zavodoukovsk,56.5042,66.5515,19.16,84,54,1.66,RU,1691263557
280,sittwe,20.15,92.9,27.41,85,78,5.93,MM,1691263363
281,calvinia,-31.4707,19.776,15.22,41,48,1.65,ZA,1691263558
282,churapcha,62.0025,132.4325,14.21,67,100,1.37,RU,1691263558
283,nema,57.5067,50.5011,18.51,77,3,2.82,RU,1691263558
284,rahachow,53.0934,30.0495,23.27,70,0,3.57,BY,1691263558
285,nchelenge,-9.3451,28.734,20.69,52,0,1.86,ZM,1691263558
286,yoloten,37.2989,62.3597,31.86,22,0,4.59,TM,1691263558
287,san-pedro,4.7485,-6.6363,24.55,89,100,3.68,CI,1691263558
288,vernon,50.2581,-119.2691,29.61,23,100,1.03,CA,1691263559
289,codrington,-38.2667,141.9667,8.37,81,33,1.64,AU,1691263559
290,tindouf,27.6711,-8.1474,38.25,17,0,4.12,DZ,1691263458
291,palmas,-10.2128,-48.3603,34.93,31,40,3.6,BR,1691263559
292,trondheim,63.4305,10.3951,15.03,92,100,2.25,NO,1691263559
293,saint-pierre,-21.3393,55.4781,21.82,73,0,10.29,RE,1691263559
294,santa rosa de cabal,4.8681,-75.6214,27.79,52,40,2.57,CO,1691263559
295,mongo,12.1844,18.693,25.53,79,96,1.65,TD,1691263559
296,nuuk,64.1835,-51.7216,10.34,81,100,1.03,GL,1691263498
297,plettenberg bay,-34.0527,23.3716,18.04,54,77,1.45,ZA,1691263560
298,hanceville,34.0607,-86.7675,37.16,46,10,0.57,US,1691263560
299,tshabong,-26.05,22.45,14.75,28,3,3.94,BW,1691263560
300,amga,60.8953,131.9608,13.21,67,76,0.69,RU,1691263560
301,nouadhibou,20.931,-17.0347,23.99,69,0,10.8,MR,1691263387
302,moussoro,13.6408,16.4901,30.34,56,70,1.56,TD,1691263560
303,cananea,30.95,-110.3,37.45,17,0,0.59,MX,1691263560
304,praia,14.9215,-23.5087,29.3,61,0,6.17,CV,1691263561
305,qamdo,31.1667,97.2333,6.41,94,100,2.05,CN,1691263561
306,tanumah,27.1,44.1333,33.82,10,0,4.34,SA,1691263517
307,kayangel,8.0823,134.7173,27.52,77,100,3.42,PW,1691263561
308,rupert,42.6191,-113.6772,24.97,44,0,3.09,US,1691263473
309,skara,58.3866,13.4384,13.75,85,20,1.77,SE,1691263561
310,remire-montjoly,4.9167,-52.2667,32.02,66,0,5.66,GF,1691263418
311,haiku-pauwela,20.9219,-156.3051,27.32,62,20,8.75,US,1691263561
312,mhamid,29.82,-5.72,41.66,7,1,4.66,MA,1691263561
313,chibougamau,49.9168,-74.3659,22.79,38,40,7.2,CA,1691263562
314,oranjemund,-28.55,16.4333,13.09,82,31,2.48,NA,1691263562
315,fortaleza,-3.7227,-38.5247,29.07,58,0,6.17,BR,1691263562
316,pisco,-13.7,-76.2167,22.03,64,0,4.63,PE,1691263562
317,ballina,-28.8667,153.5667,10.99,88,74,2.23,AU,1691263562
318,umluj,25.0213,37.2685,31.88,50,6,3.14,SA,1691263562
319,charters towers,-20.1,146.2667,13.1,76,0,4.24,AU,1691263562
320,xucheng,20.35,110.1288,27.19,75,100,5.73,CN,1691263563
321,tyuratam,45.6507,63.3156,26.69,45,1,3.19,KZ,1691263563
322,fort bragg,35.139,-79.006,33.44,54,20,3.6,US,1691263563
323,pasuquin,18.3328,120.6177,27.97,89,100,6.69,PH,1691263563
324,callao,-12.0667,-77.15,23.16,60,0,5.66,PE,1691263333
325,ulsteinvik,62.3432,5.8487,13.51,78,100,2.24,NO,1691263563
326,canutama,-6.5339,-64.3831,36.32,30,100,1.36,BR,1691263563
327,beledweyne,4.7358,45.2036,27.34,58,39,10.38,SO,1691263564
328,sabalgarh,26.25,77.4,25.62,90,100,4.32,IN,1691263564
329,rawson,-43.3002,-65.1023,13.96,34,0,6.72,AR,1691263564
330,ubinskoye,55.3068,79.6802,18.35,64,96,3.92,RU,1691263564
331,arno,60.1167,18.6333,17.1,83,99,4.12,SE,1691263564
332,pontes e lacerda,-15.2261,-59.3353,37.8,17,6,0.22,BR,1691263383
333,coroata,-4.13,-44.1242,37.02,26,95,1.25,BR,1691263564
334,champerico,14.3,-91.9167,36.3,63,6,2.85,GT,1691263564
335,majene,-3.5403,118.9707,25.33,86,37,6.29,ID,1691263565
336,ban nong wua so,17.2675,103.2247,26.59,92,100,1.98,TH,1691263565
337,hadibu,12.65,54.0333,25.87,78,9,7.83,YE,1691263565
338,zhaodong,46.0833,125.9833,15.65,95,100,3.21,CN,1691263565
339,kerikeri,-35.2268,173.9474,8.28,93,38,1.29,NZ,1691263565
340,hasaki,35.7333,140.8333,26.84,90,0,4.87,JP,1691263565
341,kirensk,57.7853,108.1119,14.83,79,100,1.45,RU,1691263566
342,mili,6.0815,171.735,27.87,79,71,4.98,MH,1691263566
343,guaruja,-23.9931,-46.2564,25.92,26,0,2.06,BR,1691263566
344,fort st. john,56.2499,-120.8529,22.94,53,20,3.09,CA,1691263533
345,sidi merouane,36.5206,6.2611,24.71,55,0,2.9,DZ,1691263566
346,san pedro,14.35,121.0167,27.97,88,75,4.63,PH,1691263561
347,maragogi,-9.0122,-35.2225,25.46,78,24,3.86,BR,1691263420
348,bonthe,7.5264,-12.505,25.37,88,79,4.45,SL,1691263358
349,talara,-4.5772,-81.2719,28.42,57,0,8.37,PE,1691263567
350,alice springs,-23.7,133.8833,7.75,87,0,2.57,AU,1691263567
351,vallenar,-28.5708,-70.7581,18.66,40,0,3.3,CL,1691263567
352,nemuro,43.3236,145.575,14.69,97,100,3.03,JP,1691263567
353,verkhniy baskunchak,48.2256,46.7217,31.39,29,0,2.83,RU,1691263567
354,zhanaozen,43.3,52.8,31.13,30,0,1.66,KZ,1691263567
355,tralee,52.2704,-9.7026,14.23,89,95,4.04,IE,1691263567
356,minas de marcona,-15.2119,-75.1103,17.78,58,7,3.92,PE,1691263354
357,inda silase,14.1031,38.2829,15.56,94,100,0.93,ET,1691263568
358,nova sintra,14.8667,-24.7167,22.72,79,5,6.92,CV,1691263335
359,sandnessjoen,66.0217,12.6316,13.29,71,76,1.25,NO,1691263568
360,dambulla,7.86,80.6517,24.57,82,100,3.63,LK,1691263568
361,savonlinna,61.8699,28.88,18.03,82,0,2.06,FI,1691263568
362,yerofey pavlovich,53.9667,121.9667,12.05,67,100,1.33,RU,1691263568
363,fale old settlement,-9.3852,-171.2468,28.05,77,33,6.31,TK,1691263305
364,tezu,27.9167,96.1667,24.42,99,100,1.41,IN,1691263569
365,deqen,29.9618,90.7188,9.09,91,93,0.88,CN,1691263569
366,tamanrasset,22.785,5.5228,29.95,26,40,5.14,DZ,1691263434
367,sao pedro,-22.5486,-47.9139,28.18,24,0,1.61,BR,1691263569
368,olyokminsk,60.3736,120.4264,15.68,88,100,1.63,RU,1691263569
369,mesquite,32.7668,-96.5992,41.77,34,0,2.06,US,1691263482
370,saldanha,-33.0117,17.9442,10.03,89,100,1.76,ZA,1691263341
371,tabuk,17.4189,121.4443,24.63,79,100,1.41,PH,1691263569
372,jinchang,38.4953,102.1739,21.94,57,100,7.23,CN,1691263569
373,partenit,44.578,34.3446,25.51,65,0,4.12,UA,1691263570
374,nago,26.5881,127.9761,27.47,95,100,16.6,JP,1691263570
375,natal,-5.795,-35.2094,28.36,69,40,8.23,BR,1691263433
376,bubaque,11.2833,-15.8333,27.99,78,100,3.07,GW,1691263504
377,badarwas,24.9667,77.5667,23.59,97,100,2.79,IN,1691263570
378,sijunjung,-0.6876,100.9537,22.36,98,82,0.73,ID,1691263570
379,banff,51.1762,-115.5698,20.21,49,67,2.06,CA,1691263277
380,bloomsburg,41.0037,-76.4549,29.52,61,100,0.89,US,1691263571
381,mawu,29.5923,107.3139,24.47,92,91,0.97,CN,1691263571
382,san cristobal,7.7669,-72.225,32.1,47,88,3.86,VE,1691263571
383,camarinas,43.1311,-9.1817,23.29,88,76,8.7,ES,1691263571
384,vorgashor,67.5833,63.95,17.85,54,0,2.28,RU,1691263571
385,okha,53.5739,142.9478,10.89,88,21,1.69,RU,1691263321
386,reyes,-14.3167,-67.3833,32.98,52,1,2.57,BO,1691263523
387,le moule,16.3332,-61.3473,31.02,75,6,5.99,GP,1691263572
388,yuzhno-kurilsk,44.0306,145.8556,13.38,97,100,4.25,RU,1691263327
389,ixtapa,20.7,-105.2,29.57,84,100,0.89,MX,1691263572
390,novoselitskoye,44.7508,43.4369,27.76,34,0,5.1,RU,1691263572
391,daru,-9.0763,143.2092,23.9,78,94,7.07,PG,1691263572
392,port shepstone,-30.7414,30.455,17.7,77,0,6.38,ZA,1691263572
393,port elizabeth,-33.918,25.5701,21.17,88,0,1.03,ZA,1691263384
394,santa cruz,-17.8,-63.1667,32.7,40,40,6.69,BO,1691263396
395,dhoraji,21.7333,70.45,26.1,86,100,6.32,IN,1691263573
396,touros,-5.1989,-35.4608,26.86,72,100,8.04,BR,1691263335
397,greymouth,-42.4667,171.2,8.89,92,100,1.04,NZ,1691263555
398,port blair,11.6667,92.75,28.02,83,40,4.12,IN,1691263573
399,labrador city,52.9463,-66.9114,16.95,77,75,3.09,CA,1691263573
400,pandan,14.0453,124.1694,27.48,79,9,4.46,PH,1691263573
401,holualoa,19.6228,-155.9522,25.43,74,40,3.6,US,1691263573
402,emerald,-23.5333,148.1667,12.73,77,0,2.44,AU,1691263297
403,pizhou,34.3114,117.9503,25.81,93,100,3.24,CN,1691263574
404,tank,32.2217,70.3793,36.29,39,2,3.51,PK,1691263574
405,gilgit,35.9221,74.3087,27.48,58,78,1.36,PK,1691263574
406,hilo,19.7297,-155.09,27.93,76,100,2.06,US,1691263386
407,oulmes,33.4258,-6.0014,33.91,17,0,4.85,MA,1691263574
408,mehtar lam,34.6714,70.2094,30.77,60,0,1.39,AF,1691263574
409,shreveport,32.5251,-93.7502,39.58,42,0,3.6,US,1691263372
410,masterton,-40.9597,175.6575,3.82,96,21,1.14,NZ,1691263575
411,hafar al-batin,28.4328,45.9708,36.32,11,0,2.06,SA,1691263575
412,serenje,-13.2325,30.2352,13.75,56,0,2.24,ZM,1691263575
413,pasighat,28.0667,95.3333,24.58,99,100,0.7,IN,1691263575
414,el calafate,-50.3408,-72.2768,3.12,79,11,4.83,AR,1691263575
415,aginskoye,51.1,114.53,15.06,94,100,2.51,RU,1691263575
416,yigo village,13.5361,144.8886,26.62,87,0,0.0,GU,1691263575
417,kingscliff,-28.2667,153.5667,14.85,100,75,2.57,AU,1691263576
418,bahia honda,22.9036,-83.1592,30.46,65,52,3.54,CU,1691263576
419,guerrero negro,27.9769,-114.0611,26.52,50,8,4.92,MX,1691263316
420,qingdao,36.0986,120.3719,26.78,94,75,3.0,CN,1691263576
421,stanthorpe,-28.6667,151.95,6.35,97,50,1.91,AU,1691263576
422,papao,-17.75,-149.55,26.82,79,72,1.01,PF,1691263483
423,revda,56.801,59.9303,18.89,77,88,1.7,RU,1691263576
424,la'ie,21.6477,-157.9253,27.46,71,37,5.54,US,1691263378
425,rosarito,32.3333,-117.0333,30.69,68,25,3.53,MX,1691263285
426,djougou,9.7085,1.666,23.29,95,100,2.37,BJ,1691263577
427,bardai,11.65,7.2333,23.03,87,100,3.09,NG,1691263577
428,mermoz boabab,14.7065,-17.4758,30.31,79,66,4.52,SN,1691263337
429,saint-joseph,-21.3667,55.6167,21.21,80,45,7.85,RE,1691263319
430,tomatlan,19.9333,-105.25,26.21,87,100,1.57,MX,1691263577
431,brookings,44.3114,-96.7984,22.47,97,100,3.6,US,1691263577
432,cabugao,17.7931,120.4578,28.83,91,100,4.89,PH,1691263578
433,cartagena,10.3997,-75.5144,33.79,62,20,7.2,CO,1691263576
434,castillos,-34.1667,-53.8333,14.79,51,1,3.54,UY,1691263407
435,magistral'nyy,56.1725,107.4458,15.08,97,100,1.71,RU,1691263578
436,talitsa,56.8804,60.0213,16.3,76,98,1.75,RU,1691263578
437,kincardine,56.0667,-3.7167,13.49,93,100,1.24,GB,1691263578
438,urengoy,65.9667,78.3667,18.2,57,10,2.99,RU,1691263578
439,benjamin hill,30.1667,-111.1,36.16,24,0,2.29,MX,1691263579
440,mount isa,-20.7333,139.5,13.87,58,0,2.57,AU,1691263333
441,whakatane,-37.9585,176.9854,2.65,97,4,2.7,NZ,1691263579
442,yilan,24.757,121.753,29.39,99,100,2.25,TW,1691263579
443,dongyang,29.2678,120.2253,25.65,89,1,0.42,CN,1691263579
444,kurumkan,54.3,110.3,16.26,85,100,1.22,RU,1691263579
445,santa marta de ortigueira,43.6833,-7.85,19.03,82,97,4.54,ES,1691263579
446,ancud,-41.8697,-73.8203,9.28,68,34,1.16,CL,1691263354
447,lesosibirsk,58.2358,92.4828,13.06,63,100,1.46,RU,1691263580
448,roma,43.2128,-75.4557,25.77,61,40,2.06,US,1691263577
449,char bhadrasan,23.3167,90.2167,27.03,90,100,4.49,BD,1691263580
450,harper,4.375,-7.7169,24.82,85,95,5.08,LR,1691263580
451,menongue,-14.6585,17.691,14.39,33,0,2.22,AO,1691263580
452,umm kaddadah,13.6017,26.6876,31.87,44,50,6.83,SD,1691263580
453,quezon,7.7303,125.0989,22.42,96,98,0.57,PH,1691263580
454,rongelap,11.1635,166.8941,28.38,74,62,7.0,MH,1691263581
455,naze,28.3667,129.4833,25.51,92,97,7.57,JP,1691263581
456,santa terezinha,-29.9002,-50.0904,18.85,85,43,3.14,BR,1691263581
457,swakopmund,-22.6833,14.5333,13.47,67,0,4.5,NA,1691263581
458,brisas de zicatela,15.8369,-97.0419,31.29,55,75,3.09,MX,1691263314
459,namibe,-15.1961,12.1522,18.39,85,0,1.65,AO,1691263308
460,sydney,-33.8679,151.2073,12.97,91,100,7.2,AU,1691263382
461,mossel bay,-34.1831,22.146,14.96,72,100,2.57,ZA,1691263545
462,sao francisco de assis,-29.5503,-55.1311,27.99,52,0,2.2,BR,1691263582
463,shatrovo,56.5167,64.6333,17.48,91,12,2.46,RU,1691263582
464,ewo,-0.8725,14.8206,30.63,38,34,1.31,CG,1691263582
465,mlalo,-4.9333,38.9333,20.72,93,63,2.21,TZ,1691263582
466,praia da vitoria,38.7333,-27.0667,25.14,69,20,2.81,PT,1691263387
467,port saint john's,-31.6229,29.5448,19.29,54,0,4.02,ZA,1691263322
468,kuta,-8.7233,115.1723,25.97,88,40,5.81,ID,1691263497
469,ngunut,-8.1058,112.0159,23.05,81,89,1.67,ID,1691263582
470,borda da mata,-22.2742,-46.1653,27.64,20,0,0.39,BR,1691263583
471,patnos,39.2336,42.8634,21.77,48,55,2.03,TR,1691263583
472,siwa oasis,29.2041,25.5195,36.59,13,0,4.71,EG,1691263583
473,copala,16.65,-98.9833,31.82,56,100,3.02,MX,1691263583
474,nadym,65.5333,72.5167,18.97,48,53,2.81,RU,1691263502
475,acajutla,13.5928,-89.8275,32.08,60,60,3.98,SV,1691263583
476,harstad,68.799,16.5293,12.86,83,20,6.26,NO,1691263583
477,los andes,-32.8337,-70.5983,19.85,48,36,2.61,CL,1691263584
478,maintirano,-18.0667,44.0167,24.36,75,100,3.2,MG,1691263584
479,kavaratti,10.5669,72.642,28.22,77,100,8.59,IN,1691263584
480,paris,48.8534,2.3488,19.09,68,100,11.32,FR,1691263523
481,turpan,42.9333,89.1667,36.41,17,44,2.66,CN,1691263584
482,polyarnyy,69.1989,33.4478,10.94,94,100,6.15,RU,1691263584
483,gizo,-8.103,156.8419,25.77,78,100,8.78,SB,1691263517
484,walvis bay,-22.9575,14.5053,13.53,82,0,0.51,NA,1691263584
485,chervonohrad,50.391,24.2351,22.98,61,0,4.75,UA,1691263585
486,mildura,-34.2,142.15,3.93,87,5,3.74,AU,1691263585
487,al kharj,24.155,47.3346,36.32,8,100,4.63,SA,1691263585
488,muroto-misakicho,33.2833,134.15,27.26,86,11,5.08,JP,1691263458
489,colac,-38.3333,143.5833,8.8,94,42,1.21,AU,1691263585
490,bamboo flat,11.7,92.7167,28.05,83,40,4.12,IN,1691263498
491,santa cruz do sul,-29.7175,-52.4258,22.14,76,34,2.42,BR,1691263585
492,santiago de cao,-7.9589,-79.2392,24.07,69,0,5.14,PE,1691263586
493,sassandra,4.95,-6.0833,24.2,91,61,3.37,CI,1691263586
494,abu tij,27.0441,31.319,34.08,15,0,3.79,EG,1691263586
495,agat village,13.3886,144.6585,27.52,88,0,0.0,GU,1691263586
496,yarkovo,57.4028,67.0786,17.87,95,80,1.9,RU,1691263586
497,ostersund,63.1792,14.6357,14.78,72,100,0.45,SE,1691263586
498,tamiahua,21.2667,-97.45,32.34,57,32,5.06,MX,1691263586
499,usogorsk,63.4106,48.6872,16.53,94,32,2.25,RU,1691263586
500,mao,39.8885,4.2658,24.31,69,20,2.57,ES,1691263587
501,coahuayana de hidalgo,18.7,-103.6583,32.95,50,100,0.96,MX,1691263340
502,tofol,5.3248,163.0078,28.1,70,40,1.25,FM,1691263587
503,aioun,16.6614,-9.6149,39.25,24,95,4.22,MR,1691263587
504,enshi,30.3,109.4833,23.64,93,95,0.71,CN,1691263584
505,daye,30.0833,114.95,29.37,79,0,0.75,CN,1691263587
506,pucheng,27.9233,118.5333,25.14,93,17,0.35,CN,1691263587
507,canet-en-roussillon,42.7,3.0167,25.25,39,0,11.32,FR,1691263588
508,san patricio,28.017,-97.5169,37.88,37,14,7.59,US,1691263314
509,richards bay,-28.783,32.0377,19.03,74,18,4.6,ZA,1691263588
510,gereida,11.2811,25.1414,26.73,62,70,3.37,SD,1691263588
511,palikir - national government center,6.9248,158.1611,24.41,94,100,1.03,FM,1691263589
512,weihai,37.5017,122.1136,25.3,95,100,4.62,CN,1691263589
513,oyama,36.3,139.8,29.77,74,27,3.32,JP,1691263589
514,jindabyne,-36.4167,148.6333,1.42,95,25,0.74,AU,1691263590
515,lautoka,-17.6167,177.4667,20.92,100,100,4.63,FJ,1691263590
516,pervomayskoye,43.919,46.7102,24.84,54,0,3.51,RU,1691263590
517,kushk,33.2957,61.9522,29.97,12,0,12.22,AF,1691263590
518,botou,38.0667,116.5667,23.14,85,0,3.32,CN,1691263570
519,neka,36.6508,53.299,24.73,83,0,2.06,IR,1691263590
520,hobyo,5.3505,48.5268,25.33,81,70,12.42,SO,1691263551
521,awjilah,29.1081,21.2869,35.29,18,0,3.87,LY,1691263590
522,kegalle,7.2532,80.3454,23.65,89,100,1.61,LK,1691263591
523,dhidhdhoo,6.8833,73.1,27.98,79,82,6.05,MV,1691263591
524,tanda,26.55,82.65,29.04,75,100,1.95,IN,1691263591
525,kagizman,40.1567,43.1342,21.15,66,43,2.2,TR,1691263591
526,antsiranana,-12.2787,49.2917,23.01,76,8,8.81,MG,1691263591
527,cidreira,-30.1811,-50.2056,18.67,85,64,3.69,BR,1691263592
528,vattalkundu,10.1667,77.7667,26.6,68,85,1.61,IN,1691263592
529,lakatoro,-16.0999,167.4164,23.02,87,76,4.53,VU,1691263592
530,ouadda,8.0777,22.4007,20.35,97,99,0.37,CF,1691263592
531,okhotsk,59.3833,143.3,14.46,64,85,2.8,RU,1691263592
532,dalandzadgad,43.5708,104.425,25.69,17,57,4.31,MN,1691263592
533,monrovia,6.3005,-10.7969,24.87,84,84,6.16,LR,1691263325
534,almazan,41.4865,-2.5309,26.49,29,0,3.15,ES,1691263593
535,lorengau,-2.0226,147.2712,25.97,85,100,4.56,PG,1691263593
536,sabang,5.8933,95.3214,27.98,79,38,3.75,ID,1691263593
537,namdrik,5.5994,168.1028,28.43,79,27,6.75,MH,1691263593
538,harrisonburg,38.4496,-78.8689,31.75,46,40,2.57,US,1691263593
539,midvagur,62.0511,-7.1939,11.46,87,92,2.06,FO,1691263594
540,bontang,0.1333,117.5,26.04,88,3,2.09,ID,1691263594
541,penonome,8.5167,-80.3667,30.37,69,100,6.26,PA,1691263594
542,poteau,35.0537,-94.6236,33.88,43,0,3.6,US,1691263594
543,barra de santo antonio,-9.4047,-35.5072,26.6,76,17,3.66,BR,1691263594
544,luderitz,-26.6481,15.1594,14.68,76,30,3.48,NA,1691263501
545,bengkulu,-3.8004,102.2655,23.83,84,9,1.63,ID,1691263594
546,sao jose da coroa grande,-8.8978,-35.1478,25.57,77,30,4.02,BR,1691263581
547,hithadhoo,-0.6,73.0833,27.29,77,100,2.93,MV,1691263537
548,okny,47.5404,29.46,26.62,41,0,2.67,UA,1691263595
549,mandera,3.9366,41.867,29.28,48,100,8.6,KE,1691263595
550,asentamiento humano nicolas de pierola,-11.95,-76.7,16.16,34,41,4.25,PE,1691263595
